"TEST WITH ORIGINAL SETUP - non-variable twist distribution, and quad viscous drag etc 
 
 CL 
 0.38397135574283 
  CDi 
 [0.005858] 
  CDp 
 [0.00722617] 
  CDc 
 0.0 
  CW 
 [15.9671] 
  Cmac 
 [-6.81647e-17] 
  cl_margin 
 [0.651991,0.624944,0.597399,0.56948,0.541218,0.512593,0.483556,0.454022,0.423882,0.392986,0.361141,0.328084,0.293447,0.25668,0.216861,0.192352,0.185446,0.177773,0.169696,0.161403,0.153008,0.14459,0.136209,0.127912,0.11974,0.11173,0.103921,0.0963536,0.089071,0.0821245,0.0755744,0.0694937,0.063972,0.0591215,0.0550839,0.0520403,0.0502255,0.0499466,0.0516118,0.0557702,0.0631729,0.0748654,0.0923325,0.117734,0.154303,0.207046,0.284085,0.399465,0.580213,0.891913] 
  gamma 
 [18.5102,18.5016,18.475,18.4277,18.3585,18.2673,18.1541,18.0195,17.8643,17.6895,17.4964,17.2869,17.0635,16.8301,16.5939,16.3752,16.1774,15.9852,15.7943,15.6027,15.409,15.2125,15.0126,14.8087,14.6006,14.3881,14.1708,13.9484,13.7209,13.4878,13.2489,13.0037,12.7519,12.4929,12.2259,11.9502,11.6644,11.3673,11.0568,10.7305,10.3847,10.0149,9.61442,9.17375,8.67892,8.10858,7.42854,6.58022,5.45126,3.76589] 
 
 
 
"
"TEST WITH MODIFIED SETUP - variable twist distribution, pass viscous drag, compressibility etc 
 
 CL 
 0.38397135574283 
  CDi 
 [0.00992944] 
  CDp 
 0.023908363032648705 
  CDc 
 0.0 
  CW 
 [15.9671] 
  Cmac 
 [-6.81647e-17] 
  cl_margin 
 [0.651991,0.624944,0.597399,0.56948,0.541218,0.512593,0.483556,0.454022,0.423882,0.392986,0.361141,0.328084,0.293447,0.25668,0.216861,0.192352,0.185446,0.177773,0.169696,0.161403,0.153008,0.14459,0.136209,0.127912,0.11974,0.11173,0.103921,0.0963536,0.089071,0.0821245,0.0755744,0.0694937,0.063972,0.0591215,0.0550839,0.0520403,0.0502255,0.0499466,0.0516118,0.0557702,0.0631729,0.0748654,0.0923325,0.117734,0.154303,0.207046,0.284085,0.399465,0.580213,0.891913] 
  gamma 
 [18.5102,18.5016,18.475,18.4277,18.3585,18.2673,18.1541,18.0195,17.8643,17.6895,17.4964,17.2869,17.0635,16.8301,16.5939,16.3752,16.1774,15.9852,15.7943,15.6027,15.409,15.2125,15.0126,14.8087,14.6006,14.3881,14.1708,13.9484,13.7209,13.4878,13.2489,13.0037,12.7519,12.4929,12.2259,11.9502,11.6644,11.3673,11.0568,10.7305,10.3847,10.0149,9.61442,9.17375,8.67892,8.10858,7.42854,6.58022,5.45126,3.76589]"
